{"cameraMode":{"drawMode":0,"name":"Shaded","section":"Shading Mode"},"sceneLighting":true,"audioPlay":false,"sceneViewState":{"showFog":true,"showMaterialUpdate":false,"showSkybox":true,"showFlares":true,"showImageEffects":true,"showParticleSystems":true},"in2DMode":false,"pivot":{"x":-21.145753860473634,"y":22.0552978515625,"z":-23.07114028930664},"rotation":{"x":0.18052694201469422,"y":0.13704539835453034,"z":-0.025335643440485,"w":0.9737032651901245},"size":8.990233421325684,"orthographic":false}